Sequence Name,Pre_sequence,CDS_sequence,Iteration,Made_best,Expression,dG_Hybridization,dG_mRNA,Spacing,Total Vector
Jda_rdlkvyun,CACCtcattcactcggcagctctCAGGAggtaGGTA,ATGAGCCAAGAAGACATCTTCagcaaagtcaaaga,0,0,17910.654889192214,-12.78135141907946,-9.6,8,9.039326850336254
Jda_rdlkvyun,CACCtcattcactcggcagctctCtGGAggtaGGTA,ATGAGCCAAGAAGACATCTTCagcaaagtcaaaga,1,1,8717.423933139273,-11.18135141907946,-9.6,8,7.705134999865717
Jda_rdlkvyun,CACCtcattcactcggcagctctCcGGAggtaGGTA,ATGAGCCAAGAAGACATCTTCagcaaagtcaaaga,2,1,8717.423933139273,-11.18135141907946,-9.6,8,7.705134999865717
Jda_rdlkvyun,CACCtcattcactcggcagctctCctGAggtaGGTA,ATGAGCCAAGAAGACATCTTCagcaaagtcaaaga,3,1,1724.8873733884477,-7.88135141907946,-9.9,8,5.684380880995856
Jda_rdlkvyun,CACCtcattcactcggcagctccCctGAggtaGGTA,ATGAGCCAAGAAGACATCTTCagcaaagtcaaaga,4,1,1724.8873733884477,-7.88135141907946,-9.9,8,5.684380880995856
Jda_rdlkvyun,CACCtcattcactcggcagctccCctaAggtaGGTA,ATGAGCCAAGAAGACATCTTCagcaaagtcaaaga,5,0,66.65942373115526,-9.88135141907946,-9.5,5,6.639095697197703
Jda_rdlkvyun,CACCtcattcactcggcagctccCttGAggtaGGTA,ATGAGCCAAGAAGACATCTTCagcaaagtcaaaga,6,1,2065.1022880743526,-7.88135141907946,-9.5,8,5.343424557363116
Jda_rdlkvyun,CACCtcattcactcggcagctccgttGAggtaGGTA,ATGAGCCAAGAAGACATCTTCagcaaagtcaaaga,7,0,11.01674524126926,-9.88135141907946,-11.6,5,8.208994559417679
Jda_rdlkvyun,CACCtcattcactcggcagctccCttaAggtaGGTA,ATGAGCCAAGAAGACATCTTCagcaaagtcaaaga,8,0,66.65942373115526,-9.88135141907946,-9.5,5,6.639095697197703
Jda_rdlkvyun,CACCtcattcactcggcagctctCttGAggtaGGTA,ATGAGCCAAGAAGACATCTTCagcaaagtcaaaga,9,2,1804.2883678604796,-7.88135141907946,-9.8,8,5.598409238366844
Jda_rdlkvyun,CACCtcattcactcggcagctctCttGgggtaGGTA,ATGAGCCAAGAAGACATCTTCagcaaagtcaaaga,10,1,1316.7080957312035,-6.98135141907946,-9.6,8,5.008568003520386
Jda_rdlkvyun,CACCtcattcactcggcagctctCttGggctaGGTA,ATGAGCCAAGAAGACATCTTCagcaaagtcaaaga,11,0,0.9613351318613748,-2.88135141907946,-13.1,19,8.372494957265523
Jda_rdlkvyun,CACCtcattcactcggcagctctCttGgagtaGGTA,ATGAGCCAAGAAGACATCTTCagcaaagtcaaaga,12,0,584.2986704529254,-6.18135141907946,-10.6,7,5.723250053541348
Jda_rdlkvyun,CACCtcattcactcggcagctctCttGgggaaGGTA,ATGAGCCAAGAAGACATCTTCagcaaagtcaaaga,13,1,1150.4132820514305,-5.28135141907946,-8.2,8,3.2123447232540316
Jda_rdlkvyun,CACCtcattcactcggcagctctCttGgggcaGGTA,ATGAGCCAAGAAGACATCTTCagcaaagtcaaaga,14,2,272.5255900386161,-5.28135141907946,-11.4,8,6.406181282247485
Jda_rdlkvyun,CACCtcattcactcggcagctctCtgGgggcaGGTA,ATGAGCCAAGAAGACATCTTCagcaaagtcaaaga,15,0,1576.4141724099545,-8.58135141907946,-10.8,8,6.816603112030395
Jda_rdlkvyun,CACCtcattcactcggcagctctCgtGgggcaGGTA,ATGAGCCAAGAAGACATCTTCagcaaagtcaaaga,16,1,2.7065406647027634,-2.88135141907946,-10.8,19,6.174841844892598
Jda_rdlkvyun,CACCtcattcactcggcagctctCgtGgtgcaGGTA,ATGAGCCAAGAAGACATCTTCagcaaagtcaaaga,17,2,120.93518710806912,-5.08135141907946,-13.0,7,8.000413617644169
Jda_rdlkvyun,CACCtcattcactcggcagctctCatGgtgcaGGTA,ATGAGCCAAGAAGACATCTTCagcaaagtcaaaga,18,1,120.93518710806912,-5.08135141907946,-13.0,7,8.000413617644169
Jda_rdlkvyun,CACCtcattcactcggcagctctCttGgtgcaGGTA,ATGAGCCAAGAAGACATCTTCagcaaagtcaaaga,19,1,120.93518710806912,-5.08135141907946,-13.0,7,8.000413617644169
Jda_rdlkvyun,CACCtcattcactcggcagctcaCttGgtgcaGGTA,ATGAGCCAAGAAGACATCTTCagcaaagtcaaaga,20,1,120.93518710806912,-5.08135141907946,-13.0,7,8.000413617644169
Jda_rdlkvyun,CACCtcattcactcggcagctcaCtcGgtgcaGGTA,ATGAGCCAAGAAGACATCTTCagcaaagtcaaaga,21,1,158.4250738013703,-5.08135141907946,-12.4,7,7.400447152259534
Jda_rdlkvyun,CACCtcattcactcggcagctctCtcGgtgcaGGTA,ATGAGCCAAGAAGACATCTTCagcaaagtcaaaga,22,1,158.4250738013703,-5.08135141907946,-12.4,7,7.400447152259534
Jda_rdlkvyun,CACCtcattcactcggcagctctCtcGatgcaGGTA,ATGAGCCAAGAAGACATCTTCagcaaagtcaaaga,23,1,3.389538628092515,-2.88135141907946,-10.3,19,5.707772929036038
Jda_rdlkvyun,CACCtcattcactcggcagctctCtcaatgcaGGTA,ATGAGCCAAGAAGACATCTTCagcaaagtcaaaga,24,1,3.9130334811953973,-4.08135141907946,-10.0,5,5.083691101476104
Jda_rdlkvyun,CACCtcattcactcggcagctctCccaatgcaGGTA,ATGAGCCAAGAAGACATCTTCagcaaagtcaaaga,25,1,3.9130334811953973,-4.08135141907946,-10.0,5,5.083691101476104
Jda_rdlkvyun,CACCtcattcactcggcagctctCccaatgtaGGTA,ATGAGCCAAGAAGACATCTTCagcaaagtcaaaga,26,1,5.126073170843514,-4.08135141907946,-9.4,5,4.494876551722786
Jda_rdlkvyun,CACCtcattcactcggcagctctaccaatgtaGGTA,ATGAGCCAAGAAGACATCTTCagcaaagtcaaaga,27,0,3.2637930583279346,0.01864858092054,-11.9,15,8.532106045917137
Jda_rdlkvyun,CACCtcattcactcggcagctctCccaatttaGGTA,ATGAGCCAAGAAGACATCTTCagcaaagtcaaaga,28,0,5.082149582612173,-2.88135141907946,-9.4,19,4.883510193440434
Jda_rdlkvyun,CACCtcattcactcggcagctctgccaatgtaGGTA,ATGAGCCAAGAAGACATCTTCagcaaagtcaaaga,29,0,2.280190276733082,-8.48135141907946,-12.3,5,8.087633009918697
Jda_rdlkvyun,CACCtcattcactcggcagctctCctaatgtaGGTA,ATGAGCCAAGAAGACATCTTCagcaaagtcaaaga,30,0,4.900490988554099,-4.08135141907946,-9.5,5,4.592811254039003
Jda_rdlkvyun,CACCtcattcactcggcagctctCccaacgtaGGTA,ATGAGCCAAGAAGACATCTTCagcaaagtcaaaga,31,1,5.126073170843514,-4.08135141907946,-9.4,5,4.494876551722786
Jda_rdlkvyun,CACCtcattcactcggcagctctaccaacgtaGGTA,ATGAGCCAAGAAGACATCTTCagcaaagtcaaaga,32,0,3.2637930583279346,0.01864858092054,-11.9,15,8.532106045917137
Jda_rdlkvyun,CACCtcattcactcggcagctctCccaacctaGGTA,ATGAGCCAAGAAGACATCTTCagcaaagtcaaaga,33,0,5.082149582612173,-2.88135141907946,-9.4,19,4.883510193440434
Jda_rdlkvyun,CACCtcattcactcggcagctctCccaacgaaGGTA,ATGAGCCAAGAAGACATCTTCagcaaagtcaaaga,34,0,4.478671225326562,-4.08135141907946,-9.7,5,4.788936752059617
Jda_rdlkvyun,CACCtcattcactcggcagctcttccaacgtaGGTA,ATGAGCCAAGAAGACATCTTCagcaaagtcaaaga,35,2,3.740833318880045,-4.08135141907946,-10.1,5,5.18207634208792
Jda_rdlkvyun,CACCtcattcactcggcagctcgtccaacgtaGGTA,ATGAGCCAAGAAGACATCTTCagcaaagtcaaaga,36,0,2.280190276733082,-4.08135141907946,-11.2,5,6.267688187460135
Jda_rdlkvyun,CACCtcattcactcggcagctcttccaacttaGGTA,ATGAGCCAAGAAGACATCTTCagcaaagtcaaaga,37,0,3.7087793826867097,-2.88135141907946,-10.1,19,5.522560258560935
Jda_rdlkvyun,CACCtcattcactcggcagctcttccaacgaaGGTA,ATGAGCCAAGAAGACATCTTCagcaaagtcaaaga,38,0,2.9614538487504216,-2.38135141907946,-10.1,19,5.733002737689662
Jda_rdlkvyun,CACCtcattcactcggcagctcttccaacgcaGGTA,ATGAGCCAAGAAGACATCTTCagcaaagtcaaaga,39,1,3.740833318880045,-4.08135141907946,-10.1,5,5.18207634208792
Jda_rdlkvyun,CACCtcattcactcggcagctcttacaacgcaGGTA,ATGAGCCAAGAAGACATCTTCagcaaagtcaaaga,40,0,3.1245503890772275,-4.08135141907946,-10.5,5,5.57619182016072
Jda_rdlkvyun,CACCtcattcactcggcagctcttcctacgcaGGTA,ATGAGCCAAGAAGACATCTTCagcaaagtcaaaga,41,0,2.729932533784012,-4.08135141907946,-10.8,5,5.872300674797513
Jda_rdlkvyun,CACCtcattcactcggcagctcttccaccgcaGGTA,ATGAGCCAAGAAGACATCTTCagcaaagtcaaaga,42,0,2.9870488607240335,-4.08135141907946,-10.6,5,5.674849356170375
Jda_rdlkvyun,CACCtcattcactcggcagctcttccaacccaGGTA,ATGAGCCAAGAAGACATCTTCagcaaagtcaaaga,43,2,3.7087793826867097,-2.88135141907946,-10.1,19,5.522560258560935
Jda_rdlkvyun,CACCtcattcactcggcagctcttccaagccaGGTA,ATGAGCCAAGAAGACATCTTCagcaaagtcaaaga,44,0,1.0518776471080726,-2.88135141907946,-12.9,19,8.179160825502615
Jda_rdlkvyun,CACCtcattcactcggcagctcttccagcccaGGTA,ATGAGCCAAGAAGACATCTTCagcaaagtcaaaga,45,0,0.6988151976290535,-6.68135141907946,-12.4,4,7.588606103523922
Jda_rdlkvyun,CACCtcattcactcggcagctcttctaacccaGGTA,ATGAGCCAAGAAGACATCTTCagcaaagtcaaaga,46,1,7.619988209008884,-2.88135141907946,-8.5,19,4.091292193114128
Jda_rdlkvyun,CACCtcattcactcggcagctcttctcacccaGGTA,ATGAGCCAAGAAGACATCTTCagcaaagtcaaaga,47,1,7.619988209008884,-2.88135141907946,-8.5,19,4.091292193114128
Jda_rdlkvyun,CACCtcattcactcggcagctcttatcacccaGGTA,ATGAGCCAAGAAGACATCTTCagcaaagtcaaaga,48,0,1.8882213633204874,-2.88135141907946,-11.6,19,6.931714925574811
Jda_rdlkvyun,CACCtcattcactcggcagctcttgtcacccaGGTA,ATGAGCCAAGAAGACATCTTCagcaaagtcaaaga,49,0,1.9751410407116332,-2.88135141907946,-11.5,19,6.836568716061927
Jda_rdlkvyun,CACCtcattcactcggcagctcttttcacccaGGTA,ATGAGCCAAGAAGACATCTTCagcaaagtcaaaga,50,1,7.619988209008884,-2.88135141907946,-8.5,19,4.091292193114128
